GAME_ID,TEAM_ID,TEAM_NAME,TEAM_ABBREVIATION,TEAM_CITY,MIN,FGM,FGA,FG_PCT,FG3M,FG3A,FG3_PCT,FTM,FTA,FT_PCT,OREB,DREB,REB,AST,STL,BLK,TO,PF,PTS,PLUS_MINUS
1022400235,1611661323,Sun,CON,Connecticut,200.000000:00,35,70,0.5,6,14,0.429,11,13,0.846,9,28,37,24,7,9,10,11,87,33.0
1022400235,1611661329,Sky,CHI,Chicago,200.000000:00,21,62,0.339,6,21,0.286,6,9,0.667,6,18,24,16,5,10,15,19,54,-33.0
1022400232,1611661329,Sky,CHI,Chicago,200.000000:00,25,61,0.41,6,18,0.333,14,16,0.875,6,23,29,13,1,2,13,24,70,-16.0
1022400232,1611661330,Dream,ATL,Atlanta,200.000000:00,30,62,0.484,5,15,0.333,21,30,0.7,7,28,35,19,9,4,7,14,86,16.0
1022400227,1611661317,Mercury,PHO,Phoenix,200.000000:00,36,66,0.545,9,24,0.375,12,17,0.706,3,27,30,29,4,2,8,15,93,5.0
1022400227,1611661329,Sky,CHI,Chicago,200.000000:00,32,72,0.444,14,25,0.56,10,15,0.667,11,26,37,26,4,3,7,16,88,-5.0
1022400222,1611661324,Lynx,MIN,Minnesota,200.000000:00,33,73,0.452,8,26,0.308,9,10,0.9,7,32,39,25,8,4,10,14,83,17.0
1022400222,1611661329,Sky,CHI,Chicago,200.000000:00,25,68,0.368,4,17,0.235,12,17,0.706,9,25,34,17,4,6,12,12,66,-17.0
1022400216,1611661322,Mystics,WAS,Washington,200.000000:00,34,68,0.5,9,23,0.391,12,17,0.706,9,28,37,28,9,7,11,13,89,31.0
1022400216,1611661329,Sky,CHI,Chicago,200.000000:00,25,70,0.357,1,8,0.125,7,11,0.636,11,21,32,17,7,4,15,20,58,-31.0
1022400210,1611661321,Wings,DAL,Dallas,200.000000:00,30,74,0.405,3,15,0.2,14,19,0.737,13,21,34,21,6,4,14,21,77,-15.0
1022400210,1611661329,Sky,CHI,Chicago,200.000000:00,35,70,0.5,5,13,0.385,17,23,0.739,8,30,38,19,6,4,12,18,92,15.0
1022400205,1611661320,Sparks,LAS,Los Angeles,200.000000:00,29,66,0.439,5,20,0.25,15,20,0.75,6,20,26,23,9,4,13,18,78,-14.0
1022400205,1611661329,Sky,CHI,Chicago,200.000000:00,36,70,0.514,7,16,0.438,13,14,0.929,7,28,35,24,9,5,13,18,92,14.0
1022400197,1611661319,Aces,LVA,Las Vegas,200.000000:00,32,61,0.525,8,24,0.333,18,21,0.857,5,26,31,25,12,6,12,15,90,19.0
1022400197,1611661329,Sky,CHI,Chicago,200.000000:00,25,60,0.417,7,18,0.389,14,19,0.737,6,23,29,16,8,2,17,18,71,-19.0
1022400191,1611661324,Lynx,MIN,Minnesota,200.000000:00,32,70,0.457,5,22,0.227,10,12,0.833,9,15,24,23,10,2,10,15,79,5.0
1022400191,1611661329,Sky,CHI,Chicago,200.000000:00,27,59,0.458,2,9,0.222,18,19,0.947,11,27,38,15,5,1,21,18,74,-5.0
1022400185,1611661325,Fever,IND,Indiana,200.000000:00,32,66,0.485,13,29,0.448,23,29,0.793,5,26,31,26,9,5,11,22,100,19.0
1022400185,1611661329,Sky,CHI,Chicago,200.000000:00,29,72,0.403,9,25,0.36,14,21,0.667,13,29,42,24,6,1,13,21,81,-19.0
1022400181,1611661322,Mystics,WAS,Washington,200.000000:00,29,66,0.439,8,21,0.381,8,13,0.615,7,18,25,19,10,6,12,13,74,4.0
1022400181,1611661329,Sky,CHI,Chicago,200.000000:00,27,58,0.466,5,14,0.357,11,15,0.733,10,26,36,19,2,4,21,17,70,-4.0
1022400174,1611661319,Aces,LVA,Las Vegas,200.000000:00,31,81,0.383,6,24,0.25,9,10,0.9,9,35,44,18,6,6,3,15,77,2.0
1022400174,1611661329,Sky,CHI,Chicago,200.000000:00,30,82,0.366,7,15,0.467,8,12,0.667,15,32,47,17,1,9,10,14,75,-2.0
1022400169,1611661323,Sun,CON,Connecticut,200.000000:00,25,68,0.368,6,25,0.24,26,36,0.722,9,21,30,18,12,6,10,21,82,2.0
1022400169,1611661329,Sky,CHI,Chicago,200.000000:00,29,65,0.446,3,9,0.333,19,22,0.864,10,32,42,18,7,4,16,23,80,-2.0
1022400161,1611661317,Mercury,PHO,Phoenix,200.000000:00,28,62,0.452,7,23,0.304,23,31,0.742,9,32,41,21,5,4,10,19,86,18.0
1022400161,1611661329,Sky,CHI,Chicago,200.000000:00,28,78,0.359,0,14,0.0,12,21,0.571,17,27,44,20,5,1,9,20,68,-18.0
1022400157,1611661320,Sparks,LAS,Los Angeles,200.000000:00,29,74,0.392,9,27,0.333,19,26,0.731,10,23,33,23,6,4,8,23,86,-4.0
1022400157,1611661329,Sky,CHI,Chicago,200.000000:00,35,72,0.486,4,9,0.444,16,24,0.667,12,30,42,20,4,5,12,19,90,4.0
1022400149,1611661317,Mercury,PHO,Phoenix,200.000000:00,33,59,0.559,12,23,0.522,7,11,0.636,5,29,34,26,5,10,12,18,85,20.0
1022400149,1611661329,Sky,CHI,Chicago,200.000000:00,27,73,0.37,4,19,0.211,7,14,0.5,15,18,33,14,7,3,11,20,65,-20.0
1022400146,1611661319,Aces,LVA,Las Vegas,200.000000:00,31,66,0.47,5,18,0.278,18,22,0.818,3,23,26,17,11,7,12,14,85,-8.0
1022400146,1611661329,Sky,CHI,Chicago,200.000000:00,35,72,0.486,4,13,0.308,19,22,0.864,7,28,35,20,9,2,13,16,93,8.0
1022400137,1611661313,Liberty,NYL,New York,200.000000:00,30,71,0.423,11,36,0.306,10,14,0.714,4,24,28,21,7,6,5,11,81,14.0
1022400137,1611661329,Sky,CHI,Chicago,200.000000:00,28,69,0.406,7,15,0.467,4,4,1.0,12,29,41,15,4,2,14,16,67,-14.0
1022400133,1611661313,Liberty,NYL,New York,200.000000:00,30,63,0.476,13,23,0.565,18,20,0.9,4,26,30,25,8,8,7,9,91,15.0
1022400133,1611661329,Sky,CHI,Chicago,200.000000:00,34,74,0.459,4,10,0.4,4,7,0.571,10,26,36,23,3,1,12,18,76,-15.0
1022400130,1611661329,Sky,CHI,Chicago,200.000000:00,32,74,0.432,6,17,0.353,8,13,0.615,8,35,43,22,11,8,10,13,78,9.0
1022400130,1611661330,Dream,ATL,Atlanta,200.000000:00,28,69,0.406,2,10,0.2,11,16,0.688,5,31,36,19,6,5,14,11,69,-9.0
1022400125,1611661328,Storm,SEA,Seattle,200.000000:00,29,69,0.42,6,19,0.316,20,24,0.833,7,29,36,24,4,7,10,15,84,13.0
1022400125,1611661329,Sky,CHI,Chicago,200.000000:00,29,78,0.372,3,14,0.214,10,12,0.833,11,27,38,20,8,9,10,18,71,-13.0
1022400120,1611661328,Storm,SEA,Seattle,200.000000:00,30,66,0.455,3,19,0.158,21,26,0.808,8,19,27,24,7,9,13,17,84,-4.0
1022400120,1611661329,Sky,CHI,Chicago,200.000000:00,34,72,0.472,5,14,0.357,15,21,0.714,14,23,37,21,7,5,11,22,88,4.0
1022400112,1611661329,Sky,CHI,Chicago,200.000000:00,33,70,0.471,6,14,0.429,13,18,0.722,10,24,34,20,6,4,10,17,85,8.0
1022400112,1611661330,Dream,ATL,Atlanta,200.000000:00,30,68,0.441,7,22,0.318,10,16,0.625,11,26,37,27,6,2,18,17,77,-8.0
1022400107,1611661324,Lynx,MIN,Minnesota,200.000000:00,25,65,0.385,6,24,0.25,14,18,0.778,6,34,40,23,11,9,18,15,70,8.0
1022400107,1611661329,Sky,CHI,Chicago,200.000000:00,25,82,0.305,5,18,0.278,7,14,0.5,16,28,44,14,9,3,14,21,62,-8.0
1022400100,1611661319,Aces,LVA,Las Vegas,200.000000:00,33,66,0.5,9,25,0.36,20,27,0.741,6,29,35,20,5,11,9,15,95,12.0
1022400100,1611661329,Sky,CHI,Chicago,200.000000:00,34,78,0.436,4,16,0.25,11,14,0.786,10,28,38,20,6,3,6,20,83,-12.0
1022400096,1611661325,Fever,IND,Indiana,200.000000:00,32,69,0.464,13,30,0.433,10,14,0.714,1,24,25,28,9,4,9,25,87,-1.0
1022400096,1611661329,Sky,CHI,Chicago,200.000000:00,31,62,0.5,4,17,0.235,22,32,0.688,7,31,38,25,4,1,15,18,88,1.0
1022400087,1611661321,Wings,DAL,Dallas,200.000000:00,23,65,0.354,9,26,0.346,17,20,0.85,10,25,35,16,9,3,15,19,72,-11.0
1022400087,1611661329,Sky,CHI,Chicago,200.000000:00,32,69,0.464,3,12,0.25,16,20,0.8,11,28,39,19,7,3,13,16,83,11.0
1022400079,1611661325,Fever,IND,Indiana,200.000000:00,35,62,0.565,8,18,0.444,13,19,0.684,8,30,38,23,1,11,15,17,91,8.0
1022400079,1611661329,Sky,CHI,Chicago,200.000000:00,33,81,0.407,5,12,0.417,12,14,0.857,12,20,32,20,8,2,5,21,83,-8.0
1022400074,1611661322,Mystics,WAS,Washington,200.000000:00,28,64,0.438,8,30,0.267,19,23,0.826,7,29,36,20,7,5,18,25,83,2.0
1022400074,1611661329,Sky,CHI,Chicago,200.000000:00,30,66,0.455,4,13,0.308,17,25,0.68,9,25,34,16,9,1,14,25,81,-2.0
1022400070,1611661323,Sun,CON,Connecticut,200.000000:00,28,62,0.452,3,14,0.214,24,28,0.857,8,20,28,21,13,2,14,14,83,8.0
1022400070,1611661329,Sky,CHI,Chicago,200.000000:00,28,58,0.483,6,13,0.462,13,15,0.867,8,21,29,19,8,7,17,18,75,-8.0
1022400061,1611661329,Sky,CHI,Chicago,200.000000:00,29,60,0.483,3,11,0.273,19,21,0.905,7,22,29,17,8,2,20,21,80,-9.0
1022400061,1611661330,Dream,ATL,Atlanta,200.000000:00,31,68,0.456,6,16,0.375,21,23,0.913,11,20,31,22,14,4,13,20,89,9.0
1022400054,1611661322,Mystics,WAS,Washington,200.000000:00,27,64,0.422,4,17,0.235,13,20,0.65,7,29,36,20,7,7,24,24,71,-8.0
1022400054,1611661329,Sky,CHI,Chicago,200.000000:00,30,79,0.38,1,14,0.071,18,22,0.818,13,27,40,18,14,1,13,21,79,8.0
1022400050,1611661313,Liberty,NYL,New York,200.000000:00,34,78,0.436,10,32,0.313,10,12,0.833,10,32,42,24,7,4,10,22,88,13.0
1022400050,1611661329,Sky,CHI,Chicago,200.000000:00,24,74,0.324,2,7,0.286,25,28,0.893,12,30,42,15,5,4,10,17,75,-13.0
1022400044,1611661325,Fever,IND,Indiana,200.000000:00,27,69,0.391,6,25,0.24,11,16,0.688,9,24,33,19,6,5,11,18,71,1.0
1022400044,1611661329,Sky,CHI,Chicago,200.000000:00,28,69,0.406,2,12,0.167,12,18,0.667,12,31,43,15,7,1,15,17,70,-1.0
1022400039,1611661320,Sparks,LAS,Los Angeles,200.000000:00,24,60,0.4,4,21,0.19,21,29,0.724,7,26,33,17,9,2,18,15,73,-10.0
1022400039,1611661329,Sky,CHI,Chicago,200.000000:00,32,75,0.427,7,19,0.368,12,16,0.75,13,22,35,27,13,7,14,26,83,10.0
1022400034,1611661328,Storm,SEA,Seattle,200.000000:00,28,64,0.438,5,15,0.333,16,18,0.889,6,26,32,17,13,8,18,15,77,9.0
1022400034,1611661329,Sky,CHI,Chicago,200.000000:00,27,66,0.409,4,12,0.333,10,13,0.769,10,27,37,19,11,0,21,18,68,-9.0
1022400026,1611661323,Sun,CON,Connecticut,200.000000:00,31,63,0.492,6,17,0.353,18,21,0.857,16,22,38,17,5,4,17,16,86,4.0
1022400026,1611661329,Sky,CHI,Chicago,200.000000:00,28,64,0.438,8,17,0.471,18,22,0.818,9,12,21,18,13,3,11,24,82,-4.0
1022400022,1611661313,Liberty,NYL,New York,200.000000:00,30,69,0.435,8,22,0.364,13,20,0.65,8,27,35,22,8,5,14,17,81,-9.0
1022400022,1611661329,Sky,CHI,Chicago,200.000000:00,35,75,0.467,7,19,0.368,13,20,0.65,11,27,38,22,5,2,9,18,90,9.0
1022400012,1611661321,Wings,DAL,Dallas,200.000000:00,23,66,0.348,7,18,0.389,21,23,0.913,13,27,40,15,7,8,25,23,74,-9.0
1022400012,1611661329,Sky,CHI,Chicago,200.000000:00,32,80,0.4,4,21,0.19,15,20,0.75,19,23,42,25,15,13,17,24,83,9.0
1022400005,1611661321,Wings,DAL,Dallas,200.000000:00,37,82,0.451,5,15,0.333,8,10,0.8,15,27,42,18,7,12,15,20,87,8.0
1022400005,1611661329,Sky,CHI,Chicago,200.000000:00,29,74,0.392,5,17,0.294,16,27,0.593,16,21,37,14,9,3,12,19,79,-8.0
1022400143,1611661322,Mystics,WAS,Washington,200.000000:00,33,72,0.458,10,33,0.303,11,13,0.846,8,25,33,28,5,1,12,19,87,-9.0
1022400143,1611661317,Mercury,PHO,Phoenix,200.000000:00,35,65,0.538,8,18,0.444,18,21,0.857,6,25,31,22,8,6,9,14,96,9.0
1022400139,1611661317,Mercury,PHO,Phoenix,200.000000:00,28,69,0.406,7,25,0.28,6,10,0.6,11,22,33,16,3,8,15,13,69,-27.0
1022400139,1611661323,Sun,CON,Connecticut,200.000000:00,37,78,0.474,10,26,0.385,12,21,0.571,16,28,44,26,9,3,7,12,96,27.0
1022400135,1611661317,Mercury,PHO,Phoenix,200.000000:00,29,70,0.414,10,29,0.345,18,23,0.783,7,23,30,18,7,6,11,15,86,-9.0
1022400135,1611661325,Fever,IND,Indiana,200.000000:00,39,81,0.481,6,31,0.194,11,14,0.786,15,27,42,23,8,6,16,16,95,9.0
1022400132,1611661317,Mercury,PHO,Phoenix,200.000000:00,36,61,0.59,9,21,0.429,19,22,0.864,4,18,22,24,8,6,11,19,100,16.0
1022400132,1611661321,Wings,DAL,Dallas,200.000000:00,32,64,0.5,7,19,0.368,13,18,0.722,7,19,26,25,5,1,14,18,84,-16.0
1022400115,1611661317,Mercury,PHO,Phoenix,200.000000:00,36,65,0.554,11,23,0.478,21,23,0.913,5,19,24,22,6,3,9,23,104,8.0
1022400115,1611661321,Wings,DAL,Dallas,200.000000:00,33,67,0.493,5,17,0.294,25,34,0.735,13,21,34,20,6,2,10,20,96,-8.0
1022400108,1611661317,Mercury,PHO,Phoenix,200.000000:00,27,68,0.397,8,28,0.286,20,24,0.833,6,22,28,18,9,1,12,25,82,-6.0
1022400108,1611661325,Fever,IND,Indiana,200.000000:00,28,63,0.444,8,28,0.286,24,31,0.774,9,33,42,20,5,2,14,24,88,6.0
1022400103,1611661317,Mercury,PHO,Phoenix,200.000000:00,35,69,0.507,7,21,0.333,15,23,0.652,13,26,39,19,9,6,15,17,92,14.0
1022400103,1611661320,Sparks,LAS,Los Angeles,200.000000:00,29,63,0.46,10,21,0.476,10,15,0.667,4,19,23,24,10,5,15,21,78,-14.0
1022400093,1611661317,Mercury,PHO,Phoenix,200.000000:00,23,74,0.311,7,34,0.206,7,12,0.583,7,24,31,14,8,5,13,17,60,-13.0
1022400093,1611661324,Lynx,MIN,Minnesota,200.000000:00,26,62,0.419,8,22,0.364,13,18,0.722,5,39,44,18,5,4,15,13,73,13.0
1022400083,1611661317,Mercury,PHO,Phoenix,200.000000:00,38,69,0.551,15,30,0.5,8,10,0.8,4,27,31,24,7,3,17,12,99,6.0
1022400083,1611661313,Liberty,NYL,New York,200.000000:00,32,76,0.421,18,42,0.429,11,14,0.786,11,26,37,27,14,4,16,12,93,-6.0
1022400078,1611661328,Storm,SEA,Seattle,200.000000:00,29,75,0.387,5,26,0.192,15,21,0.714,10,26,36,18,11,4,9,19,78,-9.0
1022400078,1611661317,Mercury,PHO,Phoenix,200.000000:00,31,62,0.5,7,18,0.389,18,19,0.947,3,34,37,24,5,5,15,18,87,9.0
1022400073,1611661317,Mercury,PHO,Phoenix,200.000000:00,39,71,0.549,8,24,0.333,13,15,0.867,4,19,23,26,5,5,12,25,99,-4.0
1022400073,1611661319,Aces,LVA,Las Vegas,200.000000:00,33,69,0.478,13,30,0.433,24,25,0.96,12,25,37,17,6,2,14,16,103,4.0
1022400063,1611661317,Mercury,PHO,Phoenix,250.000000:00,37,80,0.463,9,33,0.273,14,19,0.737,9,20,29,25,9,5,20,19,97,7.0
1022400063,1611661321,Wings,DAL,Dallas,250.000000:00,37,78,0.474,6,23,0.261,10,14,0.714,9,27,36,25,9,3,21,21,90,-7.0
1022400059,1611661317,Mercury,PHO,Phoenix,200.000000:00,29,70,0.414,9,26,0.346,14,18,0.778,10,29,39,18,6,7,14,13,81,1.0
1022400059,1611661324,Lynx,MIN,Minnesota,200.000000:00,28,72,0.389,15,34,0.441,9,11,0.818,7,29,36,24,5,5,13,20,80,-1.0
1022400029,1611661317,Mercury,PHO,Phoenix,200.000000:00,31,75,0.413,14,35,0.4,16,17,0.941,8,17,25,26,7,6,19,15,92,-15.0
1022400029,1611661321,Wings,DAL,Dallas,200.000000:00,39,75,0.52,10,20,0.5,19,21,0.905,14,24,38,23,10,5,18,14,107,15.0
1022400023,1611661322,Mystics,WAS,Washington,200.000000:00,27,70,0.386,13,36,0.361,13,16,0.813,9,27,36,21,7,1,17,21,80,-3.0
1022400023,1611661317,Mercury,PHO,Phoenix,200.000000:00,26,60,0.433,10,33,0.303,21,24,0.875,4,30,34,20,9,4,16,19,83,3.0
1022400018,1611661317,Mercury,PHO,Phoenix,200.000000:00,37,78,0.474,16,33,0.485,8,13,0.615,6,33,39,23,7,7,7,15,98,10.0
1022400018,1611661319,Aces,LVA,Las Vegas,200.000000:00,33,78,0.423,11,31,0.355,11,15,0.733,7,32,39,22,5,4,9,18,88,-10.0
1022400013,1611661317,Mercury,PHO,Phoenix,200.000000:00,27,66,0.409,6,23,0.261,28,32,0.875,7,31,38,17,10,5,12,22,88,3.0
1022400013,1611661330,Dream,ATL,Atlanta,200.000000:00,27,66,0.409,10,23,0.435,21,27,0.778,7,26,33,21,8,5,13,21,85,-3.0
1022400003,1611661317,Mercury,PHO,Phoenix,200.000000:00,29,76,0.382,15,36,0.417,7,10,0.7,10,27,37,21,6,6,15,23,80,-9.0
1022400003,1611661319,Aces,LVA,Las Vegas,200.000000:00,29,71,0.408,6,29,0.207,25,29,0.862,8,29,37,17,7,5,9,12,89,9.0
1022400236,1611661313,Liberty,NYL,New York,200.000000:00,24,60,0.4,8,17,0.471,11,17,0.647,9,19,28,17,8,6,17,16,67,-11.0
1022400236,1611661330,Dream,ATL,Atlanta,200.000000:00,31,62,0.5,5,13,0.385,11,16,0.688,9,26,35,22,8,2,14,16,78,11.0
1022400198,1611661317,Mercury,PHO,Phoenix,200.000000:00,23,55,0.418,6,25,0.24,22,26,0.846,7,26,33,18,7,4,17,15,74,8.0
1022400198,1611661330,Dream,ATL,Atlanta,200.000000:00,24,68,0.353,7,25,0.28,11,14,0.786,7,22,29,15,7,4,13,19,66,-8.0
1022400193,1611661320,Sparks,LAS,Los Angeles,200.000000:00,23,62,0.371,3,21,0.143,13,18,0.722,7,24,31,14,5,2,9,14,62,-18.0
1022400193,1611661330,Dream,ATL,Atlanta,200.000000:00,32,70,0.457,7,17,0.412,9,13,0.692,13,29,42,22,4,3,9,17,80,18.0
1022400187,1611661319,Aces,LVA,Las Vegas,200.000000:00,31,69,0.449,10,29,0.345,11,16,0.688,8,31,39,19,4,8,5,13,83,11.0
1022400187,1611661330,Dream,ATL,Atlanta,200.000000:00,26,71,0.366,11,29,0.379,9,13,0.692,10,31,41,16,4,3,9,13,72,-11.0
1022400168,1611661317,Mercury,PHO,Phoenix,200.000000:00,32,66,0.485,6,17,0.353,12,16,0.75,7,29,36,23,4,5,12,17,82,2.0
1022400168,1611661330,Dream,ATL,Atlanta,200.000000:00,29,74,0.392,10,30,0.333,12,14,0.857,9,27,36,19,7,5,8,15,80,-2.0
1022400123,1611661323,Sun,CON,Connecticut,200.000000:00,28,64,0.438,10,23,0.435,14,19,0.737,11,25,36,20,4,3,7,14,80,13.0
1022400123,1611661330,Dream,ATL,Atlanta,200.000000:00,24,59,0.407,4,10,0.4,15,19,0.789,9,22,31,16,4,4,10,18,67,-13.0
1022400118,1611661321,Wings,DAL,Dallas,200.000000:00,31,69,0.449,7,21,0.333,16,22,0.727,7,20,27,21,16,5,18,16,85,3.0
1022400118,1611661330,Dream,ATL,Atlanta,200.000000:00,34,61,0.557,2,6,0.333,12,18,0.667,6,24,30,23,8,6,28,21,82,-3.0
1022400102,1611661323,Sun,CON,Connecticut,200.000000:00,23,59,0.39,7,21,0.333,21,26,0.808,6,20,26,20,10,2,18,17,74,-4.0
1022400102,1611661330,Dream,ATL,Atlanta,200.000000:00,28,57,0.491,6,14,0.429,16,22,0.727,5,27,32,18,12,6,15,22,78,4.0
1022400094,1611661313,Liberty,NYL,New York,200.000000:00,36,70,0.514,10,25,0.4,14,15,0.933,7,31,38,25,7,4,12,17,96,21.0
1022400094,1611661330,Dream,ATL,Atlanta,200.000000:00,30,79,0.38,2,12,0.167,13,19,0.684,14,26,40,21,5,4,10,14,75,-21.0
1022400089,1611661325,Fever,IND,Indiana,200.000000:00,37,65,0.569,11,21,0.524,6,11,0.545,5,30,35,24,5,7,14,22,91,12.0
1022400089,1611661330,Dream,ATL,Atlanta,200.000000:00,22,65,0.338,4,18,0.222,31,35,0.886,7,23,30,18,8,2,11,16,79,-12.0
1022400067,1611661322,Mystics,WAS,Washington,200.000000:00,31,65,0.477,17,31,0.548,8,11,0.727,5,33,38,25,3,3,11,17,87,19.0
1022400067,1611661330,Dream,ATL,Atlanta,200.000000:00,24,67,0.358,8,23,0.348,12,18,0.667,8,24,32,16,3,2,8,15,68,-19.0
1022400055,1611661313,Liberty,NYL,New York,200.000000:00,29,74,0.392,9,31,0.29,11,13,0.846,11,33,44,24,6,4,13,15,78,17.0
1022400055,1611661330,Dream,ATL,Atlanta,200.000000:00,22,64,0.344,3,21,0.143,14,17,0.824,7,27,34,15,8,4,12,16,61,-17.0
1022400045,1611661323,Sun,CON,Connecticut,200.000000:00,28,66,0.424,6,18,0.333,7,13,0.538,7,38,45,22,4,3,15,17,69,19.0
1022400045,1611661330,Dream,ATL,Atlanta,200.000000:00,19,67,0.284,3,16,0.188,9,12,0.75,8,25,33,10,10,6,12,16,50,-19.0
1022400030,1611661324,Lynx,MIN,Minnesota,200.000000:00,31,62,0.5,13,29,0.448,17,23,0.739,5,26,31,23,7,4,10,17,92,13.0
1022400030,1611661330,Dream,ATL,Atlanta,200.000000:00,31,68,0.456,6,22,0.273,11,14,0.786,10,22,32,23,9,1,10,15,79,-13.0
1022400006,1611661320,Sparks,LAS,Los Angeles,200.000000:00,28,72,0.389,12,31,0.387,13,22,0.591,8,27,35,24,8,2,11,17,81,-11.0
1022400006,1611661330,Dream,ATL,Atlanta,200.000000:00,34,67,0.507,8,17,0.471,16,19,0.842,7,27,34,20,8,9,13,20,92,11.0
1022400237,1611661322,Mystics,WAS,Washington,200.000000:00,33,71,0.465,12,34,0.353,14,15,0.933,8,22,30,23,9,1,14,18,92,1.0
1022400237,1611661325,Fever,IND,Indiana,200.000000:00,34,64,0.531,10,20,0.5,13,15,0.867,3,29,32,28,9,0,16,14,91,-1.0
1022400231,1611661322,Mystics,WAS,Washington,200.000000:00,23,61,0.377,9,26,0.346,16,19,0.842,3,26,29,16,4,4,16,14,71,-16.0
1022400231,1611661313,Liberty,NYL,New York,200.000000:00,34,75,0.453,8,31,0.258,11,15,0.733,12,33,45,24,9,5,11,25,87,16.0
1022400226,1611661322,Mystics,WAS,Washington,225.000000:00,23,59,0.39,10,31,0.323,17,21,0.81,4,22,26,14,6,3,18,21,73,-3.0
1022400226,1611661330,Dream,ATL,Atlanta,225.000000:00,26,66,0.394,4,24,0.167,20,25,0.8,7,28,35,16,13,1,15,20,76,3.0
1022400219,1611661322,Mystics,WAS,Washington,200.000000:00,26,60,0.433,8,21,0.381,12,15,0.8,8,25,33,17,8,6,17,18,72,3.0
1022400219,1611661330,Dream,ATL,Atlanta,200.000000:00,21,73,0.288,5,20,0.25,22,25,0.88,17,24,41,14,12,3,14,19,69,-3.0
1022400207,1611661322,Mystics,WAS,Washington,200.000000:00,29,70,0.414,11,32,0.344,2,3,0.667,8,27,35,19,6,3,14,15,71,-7.0
1022400207,1611661324,Lynx,MIN,Minnesota,200.000000:00,27,66,0.409,7,24,0.292,17,17,1.0,7,31,38,19,7,1,16,11,78,7.0
1022400201,1611661322,Mystics,WAS,Washington,200.000000:00,36,68,0.529,14,28,0.5,4,5,0.8,5,25,30,25,10,5,12,17,90,13.0
1022400201,1611661317,Mercury,PHO,Phoenix,200.000000:00,27,68,0.397,9,30,0.3,14,17,0.824,9,24,33,22,4,5,17,13,77,-13.0
1022400196,1611661322,Mystics,WAS,Washington,200.000000:00,31,77,0.403,12,30,0.4,16,17,0.941,12,21,33,22,5,6,9,18,90,4.0
1022400196,1611661321,Wings,DAL,Dallas,200.000000:00,31,72,0.431,4,18,0.222,20,26,0.769,16,28,44,22,3,7,13,18,86,-4.0
1022400189,1611661322,Mystics,WAS,Washington,200.000000:00,30,63,0.476,14,30,0.467,11,15,0.733,6,19,25,23,8,3,16,20,85,-11.0
1022400189,1611661323,Sun,CON,Connecticut,200.000000:00,30,60,0.5,14,23,0.609,22,22,1.0,5,24,29,23,10,3,16,15,96,11.0
1022400178,1611661322,Mystics,WAS,Washington,200.000000:00,30,68,0.441,9,29,0.31,5,6,0.833,9,33,42,17,5,5,18,18,74,2.0
1022400178,1611661328,Storm,SEA,Seattle,200.000000:00,28,74,0.378,7,24,0.292,9,11,0.818,9,24,33,20,12,5,12,12,72,-2.0
1022400170,1611661322,Mystics,WAS,Washington,200.000000:00,33,73,0.452,5,23,0.217,9,14,0.643,8,28,36,23,13,5,14,13,80,6.0
1022400170,1611661320,Sparks,LAS,Los Angeles,200.000000:00,28,75,0.373,6,27,0.222,12,15,0.8,8,29,37,18,12,3,18,11,74,-6.0
1022400164,1611661322,Mystics,WAS,Washington,200.000000:00,28,72,0.389,8,24,0.333,13,19,0.684,12,29,41,19,9,3,22,25,77,-6.0
1022400164,1611661328,Storm,SEA,Seattle,200.000000:00,27,70,0.386,3,23,0.13,26,30,0.867,9,29,38,15,10,6,16,16,83,6.0
1022400155,1611661322,Mystics,WAS,Washington,200.000000:00,29,60,0.483,9,23,0.391,16,23,0.696,5,20,25,26,9,3,17,19,83,-16.0
1022400155,1611661324,Lynx,MIN,Minnesota,200.000000:00,37,64,0.578,11,21,0.524,14,20,0.7,7,24,31,26,11,1,15,21,99,16.0
1022400150,1611661322,Mystics,WAS,Washington,200.000000:00,24,64,0.375,7,25,0.28,13,19,0.684,3,29,32,19,8,5,16,18,68,-11.0
1022400150,1611661324,Lynx,MIN,Minnesota,200.000000:00,28,70,0.4,8,26,0.308,15,19,0.789,4,36,40,16,9,1,13,18,79,11.0
1022400140,1611661322,Mystics,WAS,Washington,200.000000:00,29,69,0.42,12,21,0.571,7,13,0.538,5,26,31,21,7,3,12,19,77,-12.0
1022400140,1611661319,Aces,LVA,Las Vegas,200.000000:00,34,70,0.486,8,25,0.32,13,17,0.765,8,33,41,24,7,7,12,13,89,12.0
1022400129,1611661322,Mystics,WAS,Washington,200.000000:00,33,75,0.44,7,20,0.35,16,19,0.842,10,21,31,23,8,3,16,18,89,5.0
1022400129,1611661325,Fever,IND,Indiana,200.000000:00,31,58,0.534,8,25,0.32,14,17,0.824,2,27,29,18,9,7,21,21,84,-5.0
1022400122,1611661322,Mystics,WAS,Washington,200.000000:00,25,60,0.417,7,28,0.25,10,13,0.769,6,26,32,19,7,1,18,14,67,-7.0
1022400122,1611661324,Lynx,MIN,Minnesota,200.000000:00,27,70,0.386,10,28,0.357,10,14,0.714,13,25,38,20,9,3,13,17,74,7.0
1022400117,1611661322,Mystics,WAS,Washington,200.000000:00,27,70,0.386,9,22,0.409,14,20,0.7,8,20,28,23,8,4,15,9,77,-21.0
1022400117,1611661319,Aces,LVA,Las Vegas,200.000000:00,38,64,0.594,11,23,0.478,11,11,1.0,4,32,36,31,8,3,18,20,98,21.0
1022400114,1611661322,Mystics,WAS,Washington,200.000000:00,32,67,0.478,12,26,0.462,6,10,0.6,6,26,32,22,5,2,12,16,82,2.0
1022400114,1611661320,Sparks,LAS,Los Angeles,200.000000:00,28,60,0.467,13,30,0.433,11,18,0.611,7,25,32,22,5,1,14,22,80,-2.0
1022400104,1611661322,Mystics,WAS,Washington,200.000000:00,28,65,0.431,11,24,0.458,10,11,0.909,5,24,29,24,6,3,14,25,77,-11.0
1022400104,1611661319,Aces,LVA,Las Vegas,200.000000:00,30,63,0.476,9,25,0.36,19,24,0.792,5,29,34,20,3,4,12,17,88,11.0
1022400099,1611661322,Mystics,WAS,Washington,225.000000:00,35,68,0.515,11,28,0.393,10,15,0.667,4,27,31,26,3,5,23,21,91,-3.0
1022400099,1611661323,Sun,CON,Connecticut,225.000000:00,32,73,0.438,9,27,0.333,21,28,0.75,9,21,30,20,12,5,10,20,94,3.0
1022400095,1611661322,Mystics,WAS,Washington,200.000000:00,31,63,0.492,14,27,0.519,16,18,0.889,4,24,28,27,7,2,12,19,92,8.0
1022400095,1611661321,Wings,DAL,Dallas,200.000000:00,28,68,0.412,11,28,0.393,17,20,0.85,13,28,41,17,6,1,14,18,84,-8.0
1022400091,1611661322,Mystics,WAS,Washington,200.000000:00,34,70,0.486,11,26,0.423,18,20,0.9,7,32,39,26,9,0,13,19,97,28.0
1022400091,1611661321,Wings,DAL,Dallas,200.000000:00,26,66,0.394,5,24,0.208,12,16,0.75,9,27,36,20,6,5,21,21,69,-28.0
1022400084,1611661322,Mystics,WAS,Washington,200.000000:00,29,70,0.414,11,34,0.324,12,15,0.8,7,24,31,26,6,4,11,16,81,-7.0
1022400084,1611661325,Fever,IND,Indiana,200.000000:00,31,61,0.508,8,23,0.348,18,23,0.783,5,32,37,21,7,3,10,16,88,7.0
1022400062,1611661322,Mystics,WAS,Washington,200.000000:00,33,67,0.493,12,28,0.429,10,12,0.833,4,18,22,26,7,2,12,19,88,-5.0
1022400062,1611661313,Liberty,NYL,New York,200.000000:00,31,65,0.477,12,27,0.444,19,20,0.95,13,27,40,24,7,3,21,17,93,5.0
1022400056,1611661322,Mystics,WAS,Washington,200.000000:00,31,72,0.431,13,34,0.382,8,13,0.615,9,29,38,22,9,1,15,16,83,-2.0
1022400056,1611661325,Fever,IND,Indiana,200.000000:00,28,62,0.452,16,35,0.457,13,17,0.765,5,25,30,21,9,2,15,21,85,2.0
1022400049,1611661322,Mystics,WAS,Washington,200.000000:00,20,64,0.313,6,29,0.207,13,15,0.867,13,24,37,13,4,3,16,21,59,-17.0
1022400049,1611661323,Sun,CON,Connecticut,200.000000:00,27,57,0.474,6,15,0.4,16,27,0.593,6,25,31,22,7,4,12,15,76,17.0
1022400042,1611661322,Mystics,WAS,Washington,200.000000:00,28,60,0.467,7,18,0.389,16,22,0.727,3,27,30,22,7,1,14,27,79,-11.0
1022400042,1611661313,Liberty,NYL,New York,200.000000:00,28,63,0.444,11,32,0.344,23,31,0.742,8,26,34,18,9,1,14,23,90,11.0
1022400036,1611661322,Mystics,WAS,Washington,200.000000:00,27,74,0.365,6,27,0.222,7,7,1.0,9,22,31,21,6,3,13,17,67,-6.0
1022400036,1611661330,Dream,ATL,Atlanta,200.000000:00,26,62,0.419,6,21,0.286,15,21,0.714,5,31,36,19,9,2,17,19,73,6.0
1022400028,1611661322,Mystics,WAS,Washington,200.000000:00,24,70,0.343,7,20,0.35,14,15,0.933,12,15,27,13,7,0,14,15,69,-32.0
1022400028,1611661328,Storm,SEA,Seattle,200.000000:00,37,60,0.617,12,22,0.545,15,18,0.833,5,28,33,27,6,6,16,19,101,32.0
1022400019,1611661322,Mystics,WAS,Washington,200.000000:00,27,64,0.422,8,25,0.32,6,11,0.545,8,20,28,21,13,3,18,16,68,-2.0
1022400019,1611661320,Sparks,LAS,Los Angeles,200.000000:00,26,55,0.473,8,21,0.381,10,15,0.667,5,28,33,21,8,5,24,19,70,2.0
1022400014,1611661322,Mystics,WAS,Washington,200.000000:00,25,62,0.403,9,26,0.346,16,23,0.696,6,23,29,20,9,4,16,23,75,-9.0
1022400014,1611661328,Storm,SEA,Seattle,200.000000:00,28,68,0.412,5,20,0.25,23,29,0.793,14,29,43,10,10,2,20,23,84,9.0
1022400008,1611661322,Mystics,WAS,Washington,200.000000:00,28,58,0.483,9,22,0.409,12,14,0.857,4,24,28,22,6,4,20,21,77,-7.0
1022400008,1611661323,Sun,CON,Connecticut,200.000000:00,29,68,0.426,2,20,0.1,24,26,0.923,8,21,29,16,14,3,10,22,84,7.0
1022400001,1611661322,Mystics,WAS,Washington,200.000000:00,31,78,0.397,10,32,0.313,8,11,0.727,10,24,34,22,9,7,12,20,80,-5.0
1022400001,1611661313,Liberty,NYL,New York,200.000000:00,32,68,0.471,8,28,0.286,13,15,0.867,8,28,36,21,8,5,18,20,85,5.0
1022400240,1611661328,Storm,SEA,Seattle,200.000000:00,35,78,0.449,13,36,0.361,6,8,0.75,11,30,41,27,5,2,10,18,89,19.0
1022400240,1611661317,Mercury,PHO,Phoenix,200.000000:00,24,63,0.381,6,26,0.231,16,23,0.696,6,27,33,19,8,1,11,12,70,-19.0
1022400233,1611661317,Mercury,PHO,Phoenix,200.000000:00,30,64,0.469,7,28,0.25,18,22,0.818,7,18,25,22,11,9,10,19,85,4.0
1022400233,1611661320,Sparks,LAS,Los Angeles,200.000000:00,28,83,0.337,9,33,0.273,16,20,0.8,23,26,49,16,5,3,18,18,81,-4.0
1022400223,1611661317,Mercury,PHO,Phoenix,200.000000:00,27,72,0.375,6,33,0.182,9,11,0.818,6,27,33,19,4,7,7,16,69,-19.0
1022400223,1611661323,Sun,CON,Connecticut,200.000000:00,33,75,0.44,8,26,0.308,14,17,0.824,8,30,38,23,2,5,7,14,88,19.0
1022400206,1611661328,Storm,SEA,Seattle,200.000000:00,36,84,0.429,12,32,0.375,6,7,0.857,15,31,46,26,8,3,6,11,90,24.0
1022400206,1611661317,Mercury,PHO,Phoenix,200.000000:00,24,66,0.364,10,29,0.345,8,9,0.889,7,27,34,20,4,4,13,11,66,-24.0
1022400145,1611661313,Liberty,NYL,New York,200.000000:00,26,59,0.441,11,27,0.407,19,20,0.95,6,24,30,19,10,4,18,15,82,8.0
1022400145,1611661323,Sun,CON,Connecticut,200.000000:00,28,66,0.424,2,18,0.111,16,22,0.727,8,23,31,17,11,4,13,15,74,-8.0
1022400128,1611661313,Liberty,NYL,New York,200.000000:00,28,57,0.491,3,13,0.231,12,16,0.75,1,32,33,22,5,6,9,17,71,3.0
1022400128,1611661323,Sun,CON,Connecticut,200.000000:00,24,67,0.358,6,17,0.353,14,16,0.875,7,28,35,19,1,2,9,16,68,-3.0
1022400116,1611661324,Lynx,MIN,Minnesota,200.000000:00,28,62,0.452,13,25,0.52,4,9,0.444,7,21,28,23,8,4,18,17,73,-5.0
1022400116,1611661323,Sun,CON,Connecticut,200.000000:00,30,66,0.455,6,15,0.4,12,13,0.923,8,27,35,23,10,4,14,10,78,5.0
1022400097,1611661328,Storm,SEA,Seattle,200.000000:00,27,64,0.422,4,16,0.25,14,16,0.875,8,27,35,23,13,4,14,14,72,11.0
1022400097,1611661323,Sun,CON,Connecticut,200.000000:00,25,67,0.373,2,14,0.143,9,17,0.529,12,26,38,13,8,3,14,16,61,-11.0
1022400090,1611661319,Aces,LVA,Las Vegas,200.000000:00,31,65,0.477,6,24,0.25,17,23,0.739,10,32,42,16,6,3,12,17,85,11.0
1022400090,1611661323,Sun,CON,Connecticut,200.000000:00,26,61,0.426,6,13,0.462,16,25,0.64,3,26,29,14,8,1,10,16,74,-11.0
1022400082,1611661320,Sparks,LAS,Los Angeles,200.000000:00,26,52,0.5,6,17,0.353,12,18,0.667,4,22,26,19,7,2,22,15,70,-9.0
1022400082,1611661323,Sun,CON,Connecticut,200.000000:00,34,65,0.523,4,10,0.4,7,10,0.7,7,20,27,18,10,3,10,18,79,9.0
1022400076,1611661321,Wings,DAL,Dallas,200.000000:00,23,61,0.377,1,16,0.063,20,24,0.833,7,22,29,19,3,2,11,17,67,-18.0
1022400076,1611661323,Sun,CON,Connecticut,200.000000:00,30,67,0.448,6,18,0.333,19,22,0.864,7,31,38,21,7,3,7,21,85,18.0
1022400066,1611661325,Fever,IND,Indiana,200.000000:00,25,62,0.403,9,24,0.375,13,19,0.684,7,19,26,19,5,3,11,18,72,-17.0
1022400066,1611661323,Sun,CON,Connecticut,200.000000:00,30,65,0.462,8,17,0.471,21,24,0.875,12,29,41,22,9,3,10,19,89,17.0
1022400060,1611661313,Liberty,NYL,New York,200.000000:00,31,60,0.517,9,25,0.36,11,13,0.846,0,28,28,27,8,5,11,18,82,7.0
1022400060,1611661323,Sun,CON,Connecticut,200.000000:00,29,71,0.408,4,16,0.25,13,17,0.765,11,24,35,17,3,2,13,14,75,-7.0
1022400041,1611661321,Wings,DAL,Dallas,200.000000:00,32,62,0.516,6,16,0.375,2,4,0.5,7,23,30,21,3,4,14,22,72,-2.0
1022400041,1611661323,Sun,CON,Connecticut,200.000000:00,29,60,0.483,2,10,0.2,14,24,0.583,9,19,28,22,8,2,10,12,74,2.0
1022400032,1611661317,Mercury,PHO,Phoenix,200.000000:00,15,63,0.238,1,27,0.037,16,22,0.727,12,31,43,12,7,9,20,11,47,-23.0
1022400032,1611661323,Sun,CON,Connecticut,200.000000:00,27,77,0.351,5,24,0.208,11,18,0.611,11,27,38,23,12,4,9,17,70,23.0
1022400021,1611661324,Lynx,MIN,Minnesota,225.000000:00,33,68,0.485,4,21,0.19,12,20,0.6,6,27,33,23,11,5,17,19,82,-1.0
1022400021,1611661323,Sun,CON,Connecticut,225.000000:00,30,67,0.448,5,11,0.455,18,21,0.857,3,27,30,17,10,2,16,17,83,1.0
1022400002,1611661325,Fever,IND,Indiana,200.000000:00,24,50,0.48,8,20,0.4,15,19,0.789,4,24,28,16,6,5,25,21,71,-21.0
1022400002,1611661323,Sun,CON,Connecticut,200.000000:00,32,66,0.485,9,21,0.429,19,25,0.76,8,22,30,20,11,1,15,22,92,21.0
1022400239,1611661319,Aces,LVA,Las Vegas,200.000000:00,35,75,0.467,15,37,0.405,13,16,0.813,10,28,38,22,8,7,11,15,98,14.0
1022400239,1611661321,Wings,DAL,Dallas,200.000000:00,30,70,0.429,9,20,0.45,15,19,0.789,7,26,33,17,7,2,13,12,84,-14.0
1022400228,1611661319,Aces,LVA,Las Vegas,200.000000:00,35,71,0.493,10,24,0.417,4,6,0.667,4,29,33,24,5,4,6,14,84,13.0
1022400228,1611661323,Sun,CON,Connecticut,200.000000:00,27,64,0.422,6,19,0.316,11,17,0.647,7,27,34,20,2,3,8,11,71,-13.0
1022400194,1611661317,Mercury,PHO,Phoenix,200.000000:00,29,61,0.475,7,22,0.318,14,18,0.778,4,20,24,23,9,2,15,14,79,-18.0
1022400194,1611661319,Aces,LVA,Las Vegas,200.000000:00,37,66,0.561,11,32,0.344,12,15,0.8,6,29,35,32,10,2,13,15,97,18.0
1022400124,1611661319,Aces,LVA,Las Vegas,200.000000:00,37,81,0.457,14,36,0.389,16,19,0.842,10,30,40,23,6,6,9,14,104,19.0
1022400124,1611661321,Wings,DAL,Dallas,200.000000:00,35,76,0.461,6,20,0.3,9,13,0.692,9,28,37,19,6,4,13,18,85,-19.0
1022400160,1611661328,Storm,SEA,Seattle,200.000000:00,28,72,0.389,7,21,0.333,12,16,0.75,5,27,32,15,6,6,12,12,75,-17.0
1022400160,1611661325,Fever,IND,Indiana,200.000000:00,34,73,0.466,15,31,0.484,9,14,0.643,9,34,43,22,6,5,11,15,92,17.0
1022400046,1611661313,Liberty,NYL,New York,200.000000:00,38,66,0.576,11,25,0.44,17,20,0.85,6,33,39,30,9,6,13,15,104,36.0
1022400046,1611661325,Fever,IND,Indiana,200.000000:00,27,73,0.37,7,28,0.25,7,11,0.636,9,19,28,18,6,1,12,17,68,-36.0
1022400038,1611661328,Storm,SEA,Seattle,200.000000:00,42,75,0.56,8,19,0.421,11,14,0.786,4,28,32,29,9,7,7,22,103,15.0
1022400038,1611661325,Fever,IND,Indiana,200.000000:00,29,70,0.414,10,25,0.4,20,22,0.909,10,26,36,21,2,4,13,16,88,-15.0
1022400027,1611661319,Aces,LVA,Las Vegas,200.000000:00,35,73,0.479,13,35,0.371,16,18,0.889,6,30,36,24,7,4,8,14,99,19.0
1022400027,1611661325,Fever,IND,Indiana,200.000000:00,30,70,0.429,10,27,0.37,10,13,0.769,6,30,36,20,4,3,12,16,80,-19.0
1022400007,1611661313,Liberty,NYL,New York,200.000000:00,36,78,0.462,8,27,0.296,22,23,0.957,13,27,40,22,8,8,10,17,102,36.0
1022400007,1611661325,Fever,IND,Indiana,200.000000:00,22,60,0.367,5,19,0.263,17,22,0.773,7,19,26,13,5,4,13,20,66,-36.0
1022400214,1611661320,Sparks,LAS,Los Angeles,200.000000:00,26,67,0.388,6,19,0.316,8,12,0.667,5,22,27,19,9,0,15,14,66,-20.0
1022400214,1611661323,Sun,CON,Connecticut,200.000000:00,33,62,0.532,8,21,0.381,12,14,0.857,3,30,33,24,8,7,13,17,86,20.0
1022400211,1611661320,Sparks,LAS,Los Angeles,200.000000:00,22,54,0.407,7,14,0.5,16,20,0.8,4,24,28,15,5,2,19,20,67,-12.0
1022400211,1611661323,Sun,CON,Connecticut,200.000000:00,32,69,0.464,6,18,0.333,9,16,0.563,8,25,33,22,9,5,11,16,79,12.0
1022400162,1611661320,Sparks,LAS,Los Angeles,200.000000:00,26,66,0.394,2,19,0.105,7,10,0.7,8,34,42,15,8,6,21,14,61,-8.0
1022400162,1611661323,Sun,CON,Connecticut,200.000000:00,28,73,0.384,5,16,0.313,8,17,0.471,10,26,36,21,12,4,10,14,69,8.0
1022400154,1611661321,Wings,DAL,Dallas,200.000000:00,29,66,0.439,10,24,0.417,23,32,0.719,15,21,36,19,12,4,20,23,91,-18.0
1022400154,1611661323,Sun,CON,Connecticut,200.000000:00,38,66,0.576,11,20,0.55,22,28,0.786,3,23,26,30,9,3,15,22,109,18.0
1022400183,1611661317,Mercury,PHO,Phoenix,200.000000:00,26,68,0.382,7,23,0.304,17,23,0.739,13,24,37,15,7,3,19,15,76,-13.0
1022400183,1611661324,Lynx,MIN,Minnesota,200.000000:00,33,72,0.458,11,26,0.423,12,16,0.75,12,27,39,25,9,4,14,16,89,13.0
1022400177,1611661317,Mercury,PHO,Phoenix,200.000000:00,31,67,0.463,5,22,0.227,3,4,0.75,7,24,31,15,7,4,20,15,70,-14.0
1022400177,1611661313,Liberty,NYL,New York,200.000000:00,29,70,0.414,12,29,0.414,14,16,0.875,6,26,32,21,12,3,13,10,84,14.0
1022400165,1611661317,Mercury,PHO,Phoenix,200.000000:00,24,61,0.393,6,19,0.316,9,10,0.9,3,30,33,15,4,3,11,16,63,-9.0
1022400165,1611661330,Dream,ATL,Atlanta,200.000000:00,25,73,0.342,9,31,0.29,13,16,0.813,16,31,47,17,3,1,8,15,72,9.0
1022400148,1611661325,Fever,IND,Indiana,200.000000:00,38,71,0.535,6,25,0.24,11,17,0.647,9,26,35,26,2,7,17,15,93,-8.0
1022400148,1611661321,Wings,DAL,Dallas,200.000000:00,39,76,0.513,9,20,0.45,14,18,0.778,6,23,29,28,10,4,10,18,101,8.0
1022400138,1611661320,Sparks,LAS,Los Angeles,200.000000:00,35,70,0.5,6,14,0.429,11,14,0.786,5,24,29,24,11,4,12,17,87,6.0
1022400138,1611661321,Wings,DAL,Dallas,200.000000:00,31,71,0.437,5,16,0.313,14,18,0.778,10,23,33,18,6,8,16,20,81,-6.0
1022400110,1611661328,Storm,SEA,Seattle,200.000000:00,32,71,0.451,8,25,0.32,23,27,0.852,11,22,33,22,11,3,14,17,95,24.0
1022400110,1611661321,Wings,DAL,Dallas,200.000000:00,26,62,0.419,4,17,0.235,15,19,0.789,8,23,31,18,11,2,15,19,71,-24.0
1022400105,1611661328,Storm,SEA,Seattle,200.000000:00,32,65,0.492,5,17,0.294,28,30,0.933,10,25,35,22,11,6,14,14,97,21.0
1022400105,1611661321,Wings,DAL,Dallas,200.000000:00,32,70,0.457,6,18,0.333,6,14,0.429,8,24,32,18,12,2,18,21,76,-21.0
1022400098,1611661324,Lynx,MIN,Minnesota,200.000000:00,33,70,0.471,11,26,0.423,11,14,0.786,10,25,35,27,6,4,13,17,88,-6.0
1022400098,1611661321,Wings,DAL,Dallas,200.000000:00,37,76,0.487,9,15,0.6,11,16,0.688,14,22,36,21,9,0,10,11,94,6.0
1022400081,1611661324,Lynx,MIN,Minnesota,200.000000:00,30,67,0.448,7,19,0.368,23,24,0.958,8,20,28,24,11,5,7,8,90,12.0
1022400081,1611661321,Wings,DAL,Dallas,200.000000:00,35,73,0.479,7,17,0.412,1,3,0.333,10,24,34,24,5,3,16,17,78,-12.0
1022400072,1611661328,Storm,SEA,Seattle,200.000000:00,36,69,0.522,7,20,0.35,13,14,0.929,7,19,26,26,12,6,11,16,92,8.0
1022400072,1611661321,Wings,DAL,Dallas,200.000000:00,31,65,0.477,6,13,0.462,16,17,0.941,9,19,28,23,6,9,19,13,84,-8.0
1022400058,1611661320,Sparks,LAS,Los Angeles,200.000000:00,33,70,0.471,5,20,0.25,10,15,0.667,8,28,36,23,9,4,14,20,81,9.0
1022400058,1611661321,Wings,DAL,Dallas,200.000000:00,29,73,0.397,2,17,0.118,12,13,0.923,9,26,35,14,7,5,14,16,72,-9.0
1022400052,1611661319,Aces,LVA,Las Vegas,200.000000:00,34,70,0.486,9,28,0.321,18,20,0.9,8,25,33,20,10,5,12,18,95,14.0
1022400052,1611661321,Wings,DAL,Dallas,200.000000:00,28,74,0.378,5,25,0.2,20,22,0.909,14,26,40,18,5,4,13,20,81,-14.0
1022400047,1611661324,Lynx,MIN,Minnesota,200.000000:00,32,71,0.451,8,19,0.421,15,17,0.882,10,17,27,23,15,6,15,17,87,11.0
1022400047,1611661321,Wings,DAL,Dallas,200.000000:00,30,65,0.462,4,11,0.364,12,14,0.857,8,26,34,20,12,3,25,14,76,-11.0
1022400031,1611661320,Sparks,LAS,Los Angeles,200.000000:00,30,76,0.395,6,21,0.286,17,21,0.81,10,27,37,21,1,4,8,18,83,-1.0
1022400031,1611661321,Wings,DAL,Dallas,200.000000:00,32,76,0.421,2,12,0.167,18,24,0.75,16,28,44,22,5,6,6,17,84,1.0
1022400017,1611661321,Wings,DAL,Dallas,200.000000:00,30,70,0.429,2,16,0.125,16,20,0.8,11,24,35,17,6,6,14,20,78,-5.0
1022400017,1611661330,Dream,ATL,Atlanta,200.000000:00,30,72,0.417,7,22,0.318,16,22,0.727,13,23,36,17,9,3,12,20,83,5.0
1022400230,1611661324,Lynx,MIN,Minnesota,200.000000:00,30,64,0.469,6,14,0.429,12,13,0.923,6,25,31,22,7,7,13,12,78,2.0
1022400230,1611661323,Sun,CON,Connecticut,200.000000:00,30,66,0.455,7,20,0.35,9,11,0.818,8,23,31,21,9,6,16,13,76,-2.0
1022400203,1611661319,Aces,LVA,Las Vegas,200.000000:00,25,65,0.385,6,20,0.3,16,19,0.842,7,26,33,17,9,2,14,16,72,5.0
1022400203,1611661323,Sun,CON,Connecticut,200.000000:00,25,56,0.446,3,16,0.188,14,17,0.824,5,28,33,16,10,4,18,19,67,-5.0
1022400195,1611661328,Storm,SEA,Seattle,200.000000:00,29,62,0.468,3,17,0.176,10,15,0.667,3,28,31,22,8,8,13,19,71,7.0
1022400195,1611661323,Sun,CON,Connecticut,200.000000:00,24,58,0.414,5,15,0.333,11,17,0.647,7,23,30,18,7,3,15,14,64,-7.0
1022400190,1611661328,Storm,SEA,Seattle,200.000000:00,30,71,0.423,4,21,0.19,22,24,0.917,9,22,31,22,9,3,12,25,86,-7.0
1022400190,1611661323,Sun,CON,Connecticut,200.000000:00,32,59,0.542,3,9,0.333,26,38,0.684,9,23,32,19,7,7,14,18,93,7.0
1022400180,1611661325,Fever,IND,Indiana,200.000000:00,31,66,0.47,13,30,0.433,9,11,0.818,8,27,35,20,5,5,19,17,84,4.0
1022400180,1611661323,Sun,CON,Connecticut,200.000000:00,30,66,0.455,8,24,0.333,12,17,0.706,4,23,27,19,14,4,14,13,80,-4.0
1022400172,1611661313,Liberty,NYL,New York,200.000000:00,24,65,0.369,7,32,0.219,9,12,0.75,11,33,44,19,6,7,18,15,64,-8.0
1022400172,1611661323,Sun,CON,Connecticut,200.000000:00,30,72,0.417,2,13,0.154,10,17,0.588,8,29,37,20,7,3,9,11,72,8.0
1022400158,1611661323,Sun,CON,Connecticut,200.000000:00,23,65,0.354,4,16,0.25,20,22,0.909,11,29,40,16,8,4,17,28,70,-12.0
1022400158,1611661330,Dream,ATL,Atlanta,200.000000:00,26,63,0.413,5,16,0.313,25,31,0.806,7,27,34,18,9,0,11,19,82,12.0
1022400109,1611661317,Mercury,PHO,Phoenix,200.000000:00,26,60,0.433,3,17,0.176,17,18,0.944,2,16,18,19,5,2,6,20,72,-11.0
1022400109,1611661323,Sun,CON,Connecticut,200.000000:00,28,59,0.475,5,20,0.25,22,23,0.957,12,25,37,17,2,3,11,15,83,11.0
1022400015,1611661325,Fever,IND,Indiana,200.000000:00,33,69,0.478,6,20,0.3,12,13,0.923,13,23,36,20,4,7,17,24,84,-4.0
1022400015,1611661323,Sun,CON,Connecticut,200.000000:00,30,74,0.405,4,19,0.211,24,30,0.8,15,18,33,15,5,4,8,13,88,4.0
1022400224,1611661325,Fever,IND,Indiana,200.000000:00,38,76,0.5,16,34,0.471,18,21,0.857,10,16,26,21,5,4,9,16,110,1.0
1022400224,1611661321,Wings,DAL,Dallas,200.000000:00,42,74,0.568,11,24,0.458,14,15,0.933,11,22,33,28,7,3,13,23,109,-1.0
1022400220,1611661319,Aces,LVA,Las Vegas,200.000000:00,28,70,0.4,9,30,0.3,13,18,0.722,1,30,31,22,7,4,9,18,78,4.0
1022400220,1611661325,Fever,IND,Indiana,200.000000:00,28,62,0.452,7,23,0.304,11,20,0.55,3,32,35,17,5,2,15,16,74,-4.0
1022400215,1611661319,Aces,LVA,Las Vegas,200.000000:00,31,70,0.443,10,22,0.455,14,17,0.824,6,28,34,20,6,6,8,14,86,11.0
1022400215,1611661325,Fever,IND,Indiana,200.000000:00,29,73,0.397,7,26,0.269,10,16,0.625,7,27,34,15,4,3,14,19,75,-11.0
1022400208,1611661325,Fever,IND,Indiana,225.000000:00,37,68,0.544,10,25,0.4,20,25,0.8,7,30,37,23,5,4,17,19,104,4.0
1022400208,1611661330,Dream,ATL,Atlanta,225.000000:00,39,94,0.415,9,26,0.346,13,18,0.722,15,23,38,19,8,5,8,21,100,-4.0
1022400204,1611661324,Lynx,MIN,Minnesota,200.000000:00,33,73,0.452,13,32,0.406,20,25,0.8,10,27,37,25,7,4,9,16,99,11.0
1022400204,1611661325,Fever,IND,Indiana,200.000000:00,32,75,0.427,13,29,0.448,11,13,0.846,12,24,36,19,3,3,14,22,88,-11.0
1022400199,1611661320,Sparks,LAS,Los Angeles,200.000000:00,31,77,0.403,10,27,0.37,14,17,0.824,6,22,28,17,9,3,12,19,86,-7.0
1022400199,1611661325,Fever,IND,Indiana,200.000000:00,33,67,0.493,7,22,0.318,20,24,0.833,8,32,40,18,5,4,18,15,93,7.0
1022400192,1611661325,Fever,IND,Indiana,200.000000:00,37,70,0.529,11,22,0.5,15,17,0.882,9,29,38,24,7,9,20,21,100,7.0
1022400192,1611661321,Wings,DAL,Dallas,200.000000:00,29,74,0.392,13,31,0.419,22,27,0.815,8,26,34,22,8,2,13,18,93,-7.0
1022400176,1611661325,Fever,IND,Indiana,200.000000:00,31,76,0.408,10,27,0.37,12,15,0.8,11,32,43,18,8,3,13,18,84,5.0
1022400176,1611661330,Dream,ATL,Atlanta,200.000000:00,27,73,0.37,10,29,0.345,15,18,0.833,10,28,38,18,5,5,10,14,79,-5.0
1022400173,1611661324,Lynx,MIN,Minnesota,200.000000:00,33,65,0.508,11,27,0.407,13,20,0.65,8,19,27,27,8,4,10,14,90,10.0
1022400173,1611661325,Fever,IND,Indiana,200.000000:00,33,76,0.434,7,29,0.241,7,8,0.875,15,25,40,16,5,1,15,16,80,-10.0
1022400153,1611661317,Mercury,PHO,Phoenix,200.000000:00,25,60,0.417,14,36,0.389,25,28,0.893,3,28,31,16,7,3,11,17,89,-9.0
1022400153,1611661325,Fever,IND,Indiana,200.000000:00,34,74,0.459,14,36,0.389,16,17,0.941,8,31,39,23,4,4,10,17,98,9.0
1022400142,1611661324,Lynx,MIN,Minnesota,200.000000:00,27,70,0.386,11,31,0.355,9,10,0.9,11,23,34,20,5,3,14,16,74,-7.0
1022400142,1611661325,Fever,IND,Indiana,200.000000:00,31,70,0.443,8,29,0.276,11,12,0.917,10,24,34,19,6,5,12,11,81,7.0
1022400121,1611661313,Liberty,NYL,New York,200.000000:00,29,71,0.408,10,42,0.238,10,16,0.625,8,23,31,20,7,1,9,11,78,-5.0
1022400121,1611661325,Fever,IND,Indiana,200.000000:00,32,67,0.478,7,24,0.292,12,14,0.857,7,34,41,20,6,2,10,15,83,5.0
1022400113,1611661319,Aces,LVA,Las Vegas,200.000000:00,32,71,0.451,9,25,0.36,15,17,0.882,7,31,38,24,7,7,10,15,88,19.0
1022400113,1611661325,Fever,IND,Indiana,200.000000:00,28,77,0.364,6,26,0.231,7,13,0.538,13,31,44,19,5,4,15,18,69,-19.0
1022400101,1611661328,Storm,SEA,Seattle,200.000000:00,32,70,0.457,10,25,0.4,15,17,0.882,5,22,27,27,14,5,8,16,89,12.0
1022400101,1611661325,Fever,IND,Indiana,200.000000:00,29,65,0.446,8,19,0.421,11,18,0.611,14,30,44,21,4,4,20,16,77,-12.0
1022400071,1611661325,Fever,IND,Indiana,200.000000:00,32,72,0.444,9,26,0.346,18,19,0.947,11,23,34,18,6,6,14,16,91,7.0
1022400071,1611661330,Dream,ATL,Atlanta,200.000000:00,28,67,0.418,9,24,0.375,19,23,0.826,10,21,31,20,6,3,11,19,84,-7.0
1022400033,1611661320,Sparks,LAS,Los Angeles,200.000000:00,25,53,0.472,14,23,0.609,24,33,0.727,4,26,30,17,9,5,19,20,88,6.0
1022400033,1611661325,Fever,IND,Indiana,200.000000:00,26,68,0.382,10,30,0.333,20,25,0.8,9,19,28,17,12,6,14,26,82,-6.0
1022400024,1611661320,Sparks,LAS,Los Angeles,200.000000:00,25,59,0.424,5,24,0.208,18,21,0.857,3,32,35,18,5,3,18,19,73,-5.0
1022400024,1611661325,Fever,IND,Indiana,200.000000:00,29,69,0.42,7,25,0.28,13,17,0.765,5,27,32,22,9,2,10,17,78,5.0
1022400020,1611661328,Storm,SEA,Seattle,200.000000:00,34,82,0.415,6,20,0.3,11,13,0.846,17,24,41,20,6,9,8,16,85,2.0
1022400020,1611661325,Fever,IND,Indiana,200.000000:00,31,72,0.431,6,22,0.273,15,18,0.833,13,27,40,18,5,8,11,17,83,-2.0
1022400010,1611661313,Liberty,NYL,New York,200.000000:00,31,64,0.484,15,32,0.469,14,16,0.875,6,26,32,21,9,6,20,14,91,11.0
1022400010,1611661325,Fever,IND,Indiana,200.000000:00,33,80,0.412,9,26,0.346,5,6,0.833,10,24,34,22,9,3,15,16,80,-11.0
1022400080,1611661320,Sparks,LAS,Los Angeles,200.000000:00,24,68,0.353,8,25,0.32,18,18,1.0,8,25,33,18,6,2,12,20,74,-13.0
1022400080,1611661330,Dream,ATL,Atlanta,200.000000:00,30,68,0.441,6,15,0.4,21,26,0.808,10,28,38,22,8,1,10,19,87,13.0
1022400075,1611661324,Lynx,MIN,Minnesota,200.000000:00,30,61,0.492,6,23,0.261,15,18,0.833,5,23,28,23,17,6,17,17,81,5.0
1022400075,1611661320,Sparks,LAS,Los Angeles,200.000000:00,28,64,0.438,5,20,0.25,15,18,0.833,8,26,34,23,11,1,21,18,76,-5.0
1022400069,1611661328,Storm,SEA,Seattle,200.000000:00,37,79,0.468,8,22,0.364,13,18,0.722,13,32,45,20,4,10,9,22,95,16.0
1022400069,1611661320,Sparks,LAS,Los Angeles,200.000000:00,27,69,0.391,6,20,0.3,19,24,0.792,10,23,33,19,6,6,11,15,79,-16.0
1022400065,1611661319,Aces,LVA,Las Vegas,200.000000:00,30,68,0.441,11,26,0.423,21,24,0.875,4,19,23,17,7,6,6,16,92,-4.0
1022400065,1611661320,Sparks,LAS,Los Angeles,200.000000:00,32,65,0.492,10,25,0.4,22,26,0.846,8,28,36,21,3,6,15,24,96,4.0
1022400053,1611661324,Lynx,MIN,Minnesota,200.000000:00,32,65,0.492,9,23,0.391,13,16,0.813,5,32,37,25,8,5,14,18,86,24.0
1022400053,1611661320,Sparks,LAS,Los Angeles,200.000000:00,20,77,0.26,4,28,0.143,18,18,1.0,17,27,44,15,6,3,16,20,62,-24.0
1022400048,1611661317,Mercury,PHO,Phoenix,200.000000:00,28,66,0.424,14,29,0.483,17,20,0.85,7,26,33,20,11,5,14,18,87,19.0
1022400048,1611661320,Sparks,LAS,Los Angeles,200.000000:00,24,60,0.4,9,23,0.391,11,15,0.733,6,24,30,18,5,2,18,23,68,-19.0
1022400011,1611661319,Aces,LVA,Las Vegas,200.000000:00,31,73,0.425,13,31,0.419,14,16,0.875,10,24,34,23,10,4,12,14,89,7.0
1022400011,1611661320,Sparks,LAS,Los Angeles,200.000000:00,34,66,0.515,5,14,0.357,9,15,0.6,3,28,31,16,11,5,17,18,82,-7.0
1022400221,1611661328,Storm,SEA,Seattle,200.000000:00,34,74,0.459,5,21,0.238,10,10,1.0,5,27,32,23,11,4,16,14,83,2.0
1022400221,1611661321,Wings,DAL,Dallas,200.000000:00,30,78,0.385,4,18,0.222,17,19,0.895,15,27,42,20,9,3,18,12,81,-2.0
1022400218,1611661313,Liberty,NYL,New York,200.000000:00,33,69,0.478,12,30,0.4,21,26,0.808,8,32,40,25,10,4,10,13,99,32.0
1022400218,1611661321,Wings,DAL,Dallas,200.000000:00,26,71,0.366,4,18,0.222,11,16,0.688,9,24,33,17,4,2,15,23,67,-32.0
1022400213,1611661313,Liberty,NYL,New York,200.000000:00,38,70,0.543,16,29,0.552,13,14,0.929,5,25,30,33,5,3,11,20,105,14.0
1022400213,1611661321,Wings,DAL,Dallas,200.000000:00,34,72,0.472,6,24,0.25,17,19,0.895,5,23,28,24,3,4,11,13,91,-14.0
1022400202,1611661321,Wings,DAL,Dallas,225.000000:00,35,71,0.493,8,20,0.4,18,22,0.818,10,23,33,26,5,3,18,24,96,-11.0
1022400202,1611661330,Dream,ATL,Atlanta,225.000000:00,39,78,0.5,8,25,0.32,21,32,0.656,14,23,37,24,7,3,9,18,107,11.0
1022400186,1611661324,Lynx,MIN,Minnesota,200.000000:00,27,68,0.397,10,35,0.286,12,13,0.923,5,27,32,20,4,5,14,14,76,-18.0
1022400186,1611661321,Wings,DAL,Dallas,200.000000:00,40,83,0.482,7,18,0.389,7,11,0.636,11,27,38,21,10,3,8,13,94,18.0
1022400179,1611661319,Aces,LVA,Las Vegas,200.000000:00,31,62,0.5,5,19,0.263,23,30,0.767,4,22,26,15,6,6,8,18,90,-3.0
1022400179,1611661321,Wings,DAL,Dallas,200.000000:00,36,75,0.48,6,21,0.286,15,19,0.789,13,27,40,22,4,4,11,26,93,3.0
1022400175,1611661320,Sparks,LAS,Los Angeles,200.000000:00,39,65,0.6,12,24,0.5,20,26,0.769,3,18,21,29,5,5,13,20,110,-3.0
1022400175,1611661321,Wings,DAL,Dallas,200.000000:00,40,76,0.526,8,22,0.364,25,29,0.862,13,21,34,21,9,2,9,19,113,3.0
1022400167,1611661313,Liberty,NYL,New York,200.000000:00,27,77,0.351,7,29,0.241,18,23,0.783,17,29,46,21,11,2,10,15,79,8.0
1022400167,1611661321,Wings,DAL,Dallas,200.000000:00,30,69,0.435,2,13,0.154,9,13,0.692,8,30,38,17,4,6,14,20,71,-8.0
1022400163,1611661313,Liberty,NYL,New York,200.000000:00,34,74,0.459,8,28,0.286,18,24,0.75,14,33,47,25,7,2,15,19,94,20.0
1022400163,1611661321,Wings,DAL,Dallas,200.000000:00,25,66,0.379,9,21,0.429,15,23,0.652,9,19,28,20,7,2,18,21,74,-20.0
1022400088,1611661313,Liberty,NYL,New York,200.000000:00,34,69,0.493,13,33,0.394,12,15,0.8,4,26,30,29,7,3,11,15,93,13.0
1022400088,1611661320,Sparks,LAS,Los Angeles,200.000000:00,31,62,0.5,7,19,0.368,11,19,0.579,5,29,34,18,8,1,14,18,80,-13.0
1022400225,1611661313,Liberty,NYL,New York,200.000000:00,27,69,0.391,8,28,0.286,17,23,0.739,14,21,35,17,8,5,11,15,79,-9.0
1022400225,1611661324,Lynx,MIN,Minnesota,200.000000:00,35,66,0.53,9,18,0.5,9,11,0.818,9,27,36,26,6,3,15,18,88,9.0
1022400209,1611661313,Liberty,NYL,New York,200.000000:00,27,69,0.391,5,24,0.208,16,22,0.727,10,29,39,21,8,5,11,13,75,4.0
1022400209,1611661319,Aces,LVA,Las Vegas,200.000000:00,23,64,0.359,15,33,0.455,10,10,1.0,2,25,27,18,7,4,11,23,71,-4.0
1022400200,1611661328,Storm,SEA,Seattle,200.000000:00,30,70,0.429,6,20,0.3,4,6,0.667,8,25,33,16,5,6,13,10,70,-7.0
1022400200,1611661313,Liberty,NYL,New York,200.000000:00,27,70,0.386,12,27,0.444,11,13,0.846,10,28,38,24,8,10,12,11,77,7.0
1022400182,1611661313,Liberty,NYL,New York,200.000000:00,32,63,0.508,10,28,0.357,14,19,0.737,7,25,32,25,4,5,19,22,88,-6.0
1022400182,1611661320,Sparks,LAS,Los Angeles,200.000000:00,35,68,0.515,8,21,0.381,16,22,0.727,5,23,28,24,12,4,10,16,94,6.0
1022400156,1611661313,Liberty,NYL,New York,200.000000:00,30,74,0.405,8,31,0.258,11,12,0.917,13,33,46,15,7,5,12,16,79,12.0
1022400156,1611661319,Aces,LVA,Las Vegas,200.000000:00,24,65,0.369,9,31,0.29,10,11,0.909,2,28,30,14,10,7,10,18,67,-12.0
1022400151,1611661313,Liberty,NYL,New York,200.000000:00,39,73,0.534,15,30,0.5,10,13,0.769,7,31,38,31,13,5,13,17,103,35.0
1022400151,1611661320,Sparks,LAS,Los Angeles,200.000000:00,23,64,0.359,6,18,0.333,16,20,0.8,7,22,29,16,6,4,20,10,68,-35.0
1022400111,1611661313,Liberty,NYL,New York,200.000000:00,28,75,0.373,7,32,0.219,13,16,0.813,10,35,45,17,6,5,8,11,76,9.0
1022400111,1611661324,Lynx,MIN,Minnesota,200.000000:00,26,67,0.388,8,27,0.296,7,10,0.7,6,31,37,23,4,2,9,13,67,-9.0
1022400106,1611661313,Liberty,NYL,New York,200.000000:00,28,71,0.394,13,39,0.333,12,16,0.75,5,23,28,25,8,2,5,14,81,6.0
1022400106,1611661330,Dream,ATL,Atlanta,200.000000:00,29,60,0.483,6,17,0.353,11,13,0.846,4,33,37,16,2,2,15,15,75,-6.0
1022400092,1611661313,Liberty,NYL,New York,200.000000:00,37,68,0.544,16,36,0.444,8,9,0.889,7,29,36,31,8,6,14,21,98,10.0
1022400092,1611661320,Sparks,LAS,Los Angeles,200.000000:00,29,68,0.426,8,27,0.296,22,26,0.846,8,19,27,22,10,1,10,15,88,-10.0
1022400077,1611661313,Liberty,NYL,New York,200.000000:00,33,68,0.485,12,28,0.429,12,16,0.75,3,34,37,21,8,1,8,9,90,8.0
1022400077,1611661319,Aces,LVA,Las Vegas,200.000000:00,31,69,0.449,11,34,0.324,9,11,0.818,2,29,31,23,3,3,10,19,82,-8.0
1022400025,1611661313,Liberty,NYL,New York,200.000000:00,26,68,0.382,7,29,0.241,8,10,0.8,9,21,30,18,8,3,16,11,67,-17.0
1022400025,1611661324,Lynx,MIN,Minnesota,200.000000:00,32,67,0.478,14,28,0.5,6,6,1.0,8,27,35,26,8,7,16,16,84,17.0
1022400016,1611661328,Storm,SEA,Seattle,200.000000:00,24,70,0.343,6,24,0.25,9,14,0.643,12,22,34,16,8,3,14,23,63,-11.0
1022400016,1611661313,Liberty,NYL,New York,200.000000:00,26,63,0.413,3,23,0.13,19,20,0.95,7,29,36,18,7,5,15,13,74,11.0
1022400238,1611661324,Lynx,MIN,Minnesota,200.000000:00,16,56,0.286,7,23,0.304,12,16,0.75,6,22,28,11,8,2,17,11,51,-17.0
1022400238,1611661320,Sparks,LAS,Los Angeles,200.000000:00,25,59,0.424,10,31,0.323,8,9,0.889,5,31,36,18,5,4,18,12,68,17.0
1022400229,1611661328,Storm,SEA,Seattle,200.000000:00,33,71,0.465,5,22,0.227,19,22,0.864,11,21,32,19,13,3,15,17,90,3.0
1022400229,1611661320,Sparks,LAS,Los Angeles,200.000000:00,33,73,0.452,3,16,0.188,18,20,0.9,13,23,36,18,13,1,16,16,87,-3.0
1022400217,1611661328,Storm,SEA,Seattle,200.000000:00,33,70,0.471,6,19,0.316,18,19,0.947,3,24,27,22,11,10,6,13,90,8.0
1022400217,1611661320,Sparks,LAS,Los Angeles,200.000000:00,32,65,0.492,7,17,0.412,11,15,0.733,6,32,38,21,5,3,13,12,82,-8.0
1022400159,1611661319,Aces,LVA,Las Vegas,200.000000:00,30,61,0.492,8,18,0.444,19,23,0.826,1,32,33,14,15,5,17,14,87,16.0
1022400159,1611661320,Sparks,LAS,Los Angeles,200.000000:00,25,62,0.403,6,23,0.261,15,21,0.714,3,30,33,16,10,4,21,21,71,-16.0
1022400144,1611661328,Storm,SEA,Seattle,200.000000:00,31,68,0.456,7,23,0.304,20,26,0.769,12,23,35,21,11,6,13,17,89,6.0
1022400144,1611661320,Sparks,LAS,Los Angeles,200.000000:00,28,69,0.406,10,26,0.385,17,22,0.773,12,25,37,20,5,3,15,23,83,-6.0
1022400127,1611661324,Lynx,MIN,Minnesota,200.000000:00,32,65,0.492,9,18,0.5,9,10,0.9,4,23,27,23,11,3,9,22,82,15.0
1022400127,1611661320,Sparks,LAS,Los Angeles,200.000000:00,23,56,0.411,3,20,0.15,18,19,0.947,4,25,29,17,3,5,18,20,67,-15.0
1022400126,1611661317,Mercury,PHO,Phoenix,200.000000:00,27,59,0.458,7,21,0.333,23,28,0.821,7,31,38,16,3,5,16,23,84,6.0
1022400126,1611661320,Sparks,LAS,Los Angeles,200.000000:00,29,75,0.387,5,24,0.208,15,19,0.789,10,19,29,25,6,2,9,24,78,-6.0
1022400119,1611661319,Aces,LVA,Las Vegas,225.000000:00,32,67,0.478,9,24,0.375,20,22,0.909,3,40,43,24,1,8,11,29,93,-5.0
1022400119,1611661320,Sparks,LAS,Los Angeles,225.000000:00,32,86,0.372,11,31,0.355,23,32,0.719,11,28,39,23,6,3,3,16,98,5.0
1022400212,1611661324,Lynx,MIN,Minnesota,200.000000:00,32,64,0.5,7,20,0.35,5,9,0.556,4,33,37,24,7,4,10,17,76,12.0
1022400212,1611661330,Dream,ATL,Atlanta,200.000000:00,21,70,0.3,5,18,0.278,17,19,0.895,10,27,37,12,8,3,10,11,64,-12.0
1022400184,1611661328,Storm,SEA,Seattle,200.000000:00,31,72,0.431,8,17,0.471,15,18,0.833,5,32,37,19,6,5,7,12,85,4.0
1022400184,1611661330,Dream,ATL,Atlanta,200.000000:00,32,73,0.438,6,21,0.286,11,12,0.917,7,29,36,23,5,5,13,17,81,-4.0
1022400152,1611661328,Storm,SEA,Seattle,200.000000:00,32,70,0.457,6,22,0.273,11,12,0.917,6,21,27,14,10,2,14,18,81,-2.0
1022400152,1611661330,Dream,ATL,Atlanta,200.000000:00,30,63,0.476,6,17,0.353,17,23,0.739,9,28,37,13,9,4,19,15,83,2.0
1022400147,1611661324,Lynx,MIN,Minnesota,200.000000:00,29,75,0.387,11,30,0.367,17,23,0.739,11,21,32,25,10,2,7,16,86,7.0
1022400147,1611661330,Dream,ATL,Atlanta,200.000000:00,29,59,0.492,5,15,0.333,16,21,0.762,5,28,33,18,5,4,16,19,79,-7.0
1022400141,1611661328,Storm,SEA,Seattle,200.000000:00,30,75,0.4,5,28,0.179,16,18,0.889,10,25,35,27,13,7,11,11,81,11.0
1022400141,1611661330,Dream,ATL,Atlanta,200.000000:00,28,73,0.384,3,17,0.176,11,15,0.733,13,26,39,18,9,5,16,15,70,-11.0
1022400134,1611661319,Aces,LVA,Las Vegas,200.000000:00,29,70,0.414,12,29,0.414,14,17,0.824,3,33,36,22,8,7,9,14,84,14.0
1022400134,1611661330,Dream,ATL,Atlanta,200.000000:00,29,77,0.377,2,19,0.105,10,15,0.667,12,35,47,16,4,4,14,14,70,-14.0
1022400171,1611661324,Lynx,MIN,Minnesota,200.000000:00,31,61,0.508,10,26,0.385,15,18,0.833,7,30,37,22,12,2,19,21,87,13.0
1022400171,1611661319,Aces,LVA,Las Vegas,200.000000:00,26,57,0.456,7,19,0.368,15,18,0.833,1,16,17,17,7,1,18,21,74,-13.0
1022400166,1611661324,Lynx,MIN,Minnesota,200.000000:00,38,64,0.594,11,19,0.579,11,14,0.786,6,25,31,28,4,3,10,17,98,11.0
1022400166,1611661319,Aces,LVA,Las Vegas,200.000000:00,33,71,0.465,13,30,0.433,8,12,0.667,9,19,28,22,7,2,9,19,87,-11.0
1022400136,1611661328,Storm,SEA,Seattle,200.000000:00,33,71,0.465,9,26,0.346,16,17,0.941,10,29,39,29,8,3,11,17,91,28.0
1022400136,1611661324,Lynx,MIN,Minnesota,200.000000:00,19,62,0.306,7,30,0.233,18,23,0.783,8,23,31,14,8,3,15,17,63,-28.0
1022400085,1611661324,Lynx,MIN,Minnesota,200.000000:00,27,76,0.355,7,22,0.318,7,8,0.875,10,35,45,19,5,4,9,17,68,13.0
1022400085,1611661330,Dream,ATL,Atlanta,200.000000:00,19,66,0.288,4,23,0.174,13,20,0.65,12,34,46,16,4,9,13,12,55,-13.0
1022400068,1611661324,Lynx,MIN,Minnesota,200.000000:00,37,67,0.552,15,27,0.556,11,17,0.647,4,24,28,34,9,4,9,20,100,14.0
1022400068,1611661319,Aces,LVA,Las Vegas,200.000000:00,28,62,0.452,10,31,0.323,20,26,0.769,5,30,35,19,4,1,13,19,86,-14.0
1022400064,1611661328,Storm,SEA,Seattle,200.000000:00,26,75,0.347,4,22,0.182,8,13,0.615,14,20,34,12,9,9,13,17,64,-19.0
1022400064,1611661324,Lynx,MIN,Minnesota,200.000000:00,27,60,0.45,12,22,0.545,17,21,0.81,6,30,36,25,6,7,16,18,83,19.0
1022400043,1611661317,Mercury,PHO,Phoenix,200.000000:00,24,62,0.387,9,28,0.321,14,18,0.778,10,26,36,16,6,2,16,14,71,-24.0
1022400043,1611661324,Lynx,MIN,Minnesota,200.000000:00,36,73,0.493,14,35,0.4,9,12,0.75,10,26,36,29,6,3,6,15,95,24.0
1022400037,1611661324,Lynx,MIN,Minnesota,200.000000:00,24,65,0.369,8,24,0.333,10,10,1.0,8,28,36,18,8,5,16,16,66,-14.0
1022400037,1611661319,Aces,LVA,Las Vegas,200.000000:00,30,72,0.417,10,27,0.37,10,14,0.714,11,30,41,23,6,5,14,12,80,14.0
1022400009,1611661328,Storm,SEA,Seattle,250.000000:00,31,78,0.397,5,20,0.25,26,29,0.897,9,33,42,19,20,8,24,25,93,-9.0
1022400009,1611661324,Lynx,MIN,Minnesota,250.000000:00,35,79,0.443,13,30,0.433,19,25,0.76,10,32,42,27,18,10,27,23,102,9.0
1022400004,1611661328,Storm,SEA,Seattle,200.000000:00,29,78,0.372,1,9,0.111,11,14,0.786,14,29,43,14,10,5,17,12,70,-13.0
1022400004,1611661324,Lynx,MIN,Minnesota,200.000000:00,34,75,0.453,7,24,0.292,8,9,0.889,7,32,39,23,15,8,17,15,83,13.0
1022400040,1611661319,Aces,LVA,Las Vegas,200.000000:00,25,69,0.362,6,21,0.286,18,20,0.9,3,31,34,18,6,5,11,25,74,-4.0
1022400040,1611661330,Dream,ATL,Atlanta,200.000000:00,22,61,0.361,8,16,0.5,26,29,0.897,3,35,38,17,5,4,11,17,78,4.0
1022400234,1611661328,Storm,SEA,Seattle,200.000000:00,30,63,0.476,2,9,0.222,10,11,0.909,4,25,29,21,7,1,11,16,72,-13.0
1022400234,1611661319,Aces,LVA,Las Vegas,200.000000:00,32,60,0.533,9,20,0.45,12,14,0.857,3,28,31,18,5,2,9,11,85,13.0
1022400131,1611661328,Storm,SEA,Seattle,200.000000:00,31,77,0.403,3,17,0.176,14,16,0.875,10,30,40,19,4,1,13,14,79,-5.0
1022400131,1611661319,Aces,LVA,Las Vegas,200.000000:00,30,70,0.429,5,23,0.217,19,20,0.95,4,34,38,21,7,5,9,14,84,5.0
1022400086,1611661328,Storm,SEA,Seattle,200.000000:00,31,70,0.443,4,16,0.25,17,19,0.895,7,25,32,21,11,1,15,16,83,-11.0
1022400086,1611661319,Aces,LVA,Las Vegas,200.000000:00,35,63,0.556,8,20,0.4,16,21,0.762,3,26,29,25,11,4,14,19,94,11.0
1022400057,1611661328,Storm,SEA,Seattle,200.000000:00,26,72,0.361,6,20,0.3,20,22,0.909,6,37,43,19,7,6,12,16,78,13.0
1022400057,1611661319,Aces,LVA,Las Vegas,200.000000:00,21,67,0.313,7,26,0.269,16,19,0.842,3,33,36,13,7,10,14,18,65,-13.0
1022400051,1611661328,Storm,SEA,Seattle,200.000000:00,28,69,0.406,8,23,0.348,16,21,0.762,8,34,42,20,10,4,14,15,80,18.0
1022400051,1611661317,Mercury,PHO,Phoenix,200.000000:00,23,68,0.338,4,23,0.174,12,17,0.706,3,30,33,13,7,4,13,15,62,-18.0
1022400035,1611661317,Mercury,PHO,Phoenix,200.000000:00,29,68,0.426,10,30,0.333,10,13,0.769,8,26,34,18,6,2,10,18,78,-3.0
1022400035,1611661313,Liberty,NYL,New York,200.000000:00,28,68,0.412,9,32,0.281,16,18,0.889,9,30,39,19,7,5,10,12,81,3.0
1022400188,1611661328,Storm,SEA,Seattle,200.000000:00,33,71,0.465,5,23,0.217,14,15,0.933,6,11,17,19,9,3,5,19,85,-13.0
1022400188,1611661313,Liberty,NYL,New York,200.000000:00,34,67,0.507,12,26,0.462,18,20,0.9,17,28,45,23,4,2,16,12,98,13.0
